{"d112adc0-3b8a-11eb-afa1-b9514ce17203":{"name":"Gray 10","color":"#E3E3E3","opacity":1},"9a00ee50-3b8a-11eb-afa1-b9514ce17203":{"name":"Gray 30","color":"#7B7D85","opacity":1},"f189aef0-3b8a-11eb-afa1-b9514ce17203":{"name":"Gray canvas","color":"#f6f6f6","opacity":1},"61985c00-3b8b-11eb-afa1-b9514ce17203":{"name":"Danger","color":"#E65244","opacity":1},"af5f5170-3b89-11eb-afa1-b9514ce17203":{"name":"Primary dark","color":"#00C38B","opacity":1},"742d8d00-3b8a-11eb-afa1-b9514ce17203":{"name":"Gray 40","color":"#64666A","opacity":1},"e4f0c790-3b8b-11eb-afa1-b9514ce17203":{"name":"Info","color":"#59b9e2","opacity":1},"2bffe100-3b89-11eb-afa1-b9514ce17203":{"name":"Black","color":"#000000","opacity":1},"a340fbd0-3b8b-11eb-afa1-b9514ce17203":{"name":"Warning","color":"#fc8802","opacity":1},"1174fcd0-3b89-11eb-afa1-b9514ce17203":{"name":"White","color":"#ffffff","opacity":1},"3cd78e10-3b89-11eb-afa1-b9514ce17203":{"name":"Primary","color":"#31efb8","opacity":1},"5942fca0-3b8a-11eb-afa1-b9514ce17203":{"name":"Gray 50","color":"#303236","opacity":1},"b2d744b0-3b8a-11eb-afa1-b9514ce17203":{"name":"Gray 20","color":"#b1b2b5","opacity":1},"cbf55d00-3b8b-11eb-afa1-b9514ce17203":{"name":"Complete","color":"#A599C6","opacity":1},"88d81e90-3b8b-11eb-afa1-b9514ce17203":{"name":"Success","color":"#49D793","opacity":1},"3cb0fdd0-3b8a-11eb-afa1-b9514ce17203":{"name":"Gray 60","color":"#1f1f1f","opacity":1},"13f8a7f0-5708-11eb-972d-f70ef7703745":{"name":"Guides","color":"#DB00FF","opacity":1}}