{"9d05cae4-c3ed-11eb-8557-f55ab9adbb41":{"name":"minus.svg","mtype":"image/svg+xml","width":500,"height":500,"path":"actions"},"9d05cacd-c3ed-11eb-8557-f55ab9adbb41":{"name":"line.svg","mtype":"image/svg+xml","width":500,"height":500,"path":"workspace"},"9d05caf5-c3ed-11eb-8557-f55ab9adbb41":{"name":"uppercase.svg","mtype":"image/svg+xml","width":500,"height":500,"path":"text"},"9d05ca83-c3ed-11eb-8557-f55ab9adbb41":{"name":"penpot-icon-white.svg","mtype":"image/svg+xml","width":100,"height":100,"path":"logo"},"9d05cad2-c3ed-11eb-8557-f55ab9adbb41":{"name":"picker-hsv.svg","mtype":"image/svg+xml","width":500,"height":500,"path":"workspace"},"9d05cabd-c3ed-11eb-8557-f55ab9adbb41":{"name":"tree.svg","mtype":"image/svg+xml","width":500,"height":500,"path":"file-organization"},"9d05cadb-c3ed-11eb-8557-f55ab9adbb41":{"name":"download.svg","mtype":"image/svg+xml","width":500,"height":500,"path":"actions"},"9d05cac2-c3ed-11eb-8557-f55ab9adbb41":{"name":"icon-set.svg","mtype":"image/svg+xml","width":500,"height":500,"path":"workspace"},"9d05ca82-c3ed-11eb-8557-f55ab9adbb41":{"name":"penpot-icon-black.svg","mtype":"image/svg+xml","width":100,"height":100,"path":"logo"},"9d05caad-c3ed-11eb-8557-f55ab9adbb41":{"name":"full-screen.svg","mtype":"image/svg+xml","width":500,"height":500,"path":"workspace"},"9d05cad7-c3ed-11eb-8557-f55ab9adbb41":{"name":"ruler-tool.svg","mtype":"image/svg+xml","width":500,"height":500,"path":"workspace"},"9d05cab1-c3ed-11eb-8557-f55ab9adbb41":{"name":"undo.svg","mtype":"image/svg+xml","width":500,"height":500,"path":"workspace"},"9d05cacf-c3ed-11eb-8557-f55ab9adbb41":{"name":"mask.svg","mtype":"image/svg+xml","width":500,"height":500,"path":"workspace"},"9d05caea-c3ed-11eb-8557-f55ab9adbb41":{"name":"text-align-justify.svg","mtype":"image/svg+xml","width":500,"height":500,"path":"text"},"9d05cac9-c3ed-11eb-8557-f55ab9adbb41":{"name":"tick.svg","mtype":"image/svg+xml","width":500,"height":500,"path":"actions"},"9d05cafa-c3ed-11eb-8557-f55ab9adbb41":{"name":"shape-halign-right.svg","mtype":"image/svg+xml","width":500,"height":500,"path":"alignment"},"9d05ca92-c3ed-11eb-8557-f55ab9adbb41":{"name":"penpot-login-3D-dark.jpg","mtype":"image/jpeg","width":1600,"height":1600,"path":"3D"},"9d05cab9-c3ed-11eb-8557-f55ab9adbb41":{"name":"pointer-inner.svg","mtype":"image/svg+xml","width":500,"height":500,"path":"toolbar"},"9d05cab6-c3ed-11eb-8557-f55ab9adbb41":{"name":"pen.svg","mtype":"image/svg+xml","width":500,"height":500,"path":"toolbar"},"9d05caf4-c3ed-11eb-8557-f55ab9adbb41":{"name":"underline.svg","mtype":"image/svg+xml","width":500,"height":500,"path":"text"},"9d05caba-c3ed-11eb-8557-f55ab9adbb41":{"name":"layers.svg","mtype":"image/svg+xml","width":500,"height":500,"path":"sidebar"},"9d05cad6-c3ed-11eb-8557-f55ab9adbb41":{"name":"ruler.svg","mtype":"image/svg+xml","width":500,"height":500,"path":"workspace"},"9d05caa3-c3ed-11eb-8557-f55ab9adbb41":{"name":"ungroup.svg","mtype":"image/svg+xml","width":500,"height":500,"path":"file-organization"},"9d05ca99-c3ed-11eb-8557-f55ab9adbb41":{"name":"palette.svg","mtype":"image/svg+xml","width":500,"height":500,"path":"sidebar"},"9d05ca95-c3ed-11eb-8557-f55ab9adbb41":{"name":"artboard.svg","mtype":"image/svg+xml","width":500,"height":500,"path":"toolbar"},"9d05cac7-c3ed-11eb-8557-f55ab9adbb41":{"name":"exit.svg","mtype":"image/svg+xml","width":500,"height":500,"path":"actions"},"9d05ca9d-c3ed-11eb-8557-f55ab9adbb41":{"name":"file-svg.svg","mtype":"image/svg+xml","width":500,"height":500,"path":"file-organization"},"9d05caeb-c3ed-11eb-8557-f55ab9adbb41":{"name":"letter-spacing.svg","mtype":"image/svg+xml","width":500,"height":500,"path":"text"},"9d05cad8-c3ed-11eb-8557-f55ab9adbb41":{"name":"size-horiz.svg","mtype":"image/svg+xml","width":40,"height":40,"path":"workspace"},"9d05cae7-c3ed-11eb-8557-f55ab9adbb41":{"name":"align-middle.svg","mtype":"image/svg+xml","width":500,"height":500,"path":"text"},"9d05caac-c3ed-11eb-8557-f55ab9adbb41":{"name":"forms.svg","mtype":"image/svg+xml","width":500,"height":500,"path":"workspace"},"9d05cb0a-c3ed-11eb-8557-f55ab9adbb41":{"name":"msg-info.svg","mtype":"image/svg+xml","width":40,"height":40,"path":"notifications"},"9d05ca81-c3ed-11eb-8557-f55ab9adbb41":{"name":"penpot-icon-1x1-black.png","mtype":"image/png","width":1200,"height":1200,"path":"logo"},"9d05ca9f-c3ed-11eb-8557-f55ab9adbb41":{"name":"folder-zip.svg","mtype":"image/svg+xml","width":500,"height":500,"path":"file-organization"},"9d05cb06-c3ed-11eb-8557-f55ab9adbb41":{"name":"boolean-intersection.svg","mtype":"image/svg+xml","width":500,"height":500,"path":"paths"},"9d05caca-c3ed-11eb-8557-f55ab9adbb41":{"name":"unchain.svg","mtype":"image/svg+xml","width":500,"height":500,"path":"actions"},"9d05cb07-c3ed-11eb-8557-f55ab9adbb41":{"name":"boolean-difference.svg","mtype":"image/svg+xml","width":500,"height":500,"path":"paths"},"9d05cab3-c3ed-11eb-8557-f55ab9adbb41":{"name":"nodes-merge.svg","mtype":"image/svg+xml","width":500,"height":500,"path":"paths"},"9d05caaa-c3ed-11eb-8557-f55ab9adbb41":{"name":"component.svg","mtype":"image/svg+xml","width":500,"height":500,"path":"workspace"},"9d05caf1-c3ed-11eb-8557-f55ab9adbb41":{"name":"text-direction-ltr.svg","mtype":"image/svg+xml","width":500,"height":500,"path":"text"},"9d05caa9-c3ed-11eb-8557-f55ab9adbb41":{"name":"code.svg","mtype":"image/svg+xml","width":500,"height":500,"path":"workspace"},"9d05cb09-c3ed-11eb-8557-f55ab9adbb41":{"name":"msg-success.svg","mtype":"image/svg+xml","width":40,"height":40,"path":"notifications"},"9d05cada-c3ed-11eb-8557-f55ab9adbb41":{"name":"chain.svg","mtype":"image/svg+xml","width":500,"height":500,"path":"actions"},"9d05cab8-c3ed-11eb-8557-f55ab9adbb41":{"name":"text.svg","mtype":"image/svg+xml","width":500,"height":500,"path":"toolbar"},"9d05caae-c3ed-11eb-8557-f55ab9adbb41":{"name":"grid.svg","mtype":"image/svg+xml","width":500,"height":500,"path":"workspace"},"9d05caa7-c3ed-11eb-8557-f55ab9adbb41":{"name":"arrow-down.svg","mtype":"image/svg+xml","width":500,"height":500,"path":"navigation"},"9d05cb05-c3ed-11eb-8557-f55ab9adbb41":{"name":"nodes-snap.svg","mtype":"image/svg+xml","width":500,"height":500,"path":"paths"},"9d05caf6-c3ed-11eb-8557-f55ab9adbb41":{"name":"line-height.svg","mtype":"image/svg+xml","width":500,"height":500,"path":"text"},"9d05cabe-c3ed-11eb-8557-f55ab9adbb41":{"name":"multi-canvas.svg","mtype":"image/svg+xml","width":500,"height":500,"path":"file-organization"},"9d05caf2-c3ed-11eb-8557-f55ab9adbb41":{"name":"text-direction-rtl.svg","mtype":"image/svg+xml","width":500,"height":500,"path":"text"},"9d05cac0-c3ed-11eb-8557-f55ab9adbb41":{"name":"actions.svg","mtype":"image/svg+xml","width":500,"height":500,"path":"navigation"},"9d05cae8-c3ed-11eb-8557-f55ab9adbb41":{"name":"auto-height.svg","mtype":"image/svg+xml","width":500,"height":500,"path":"text"},"9d05caed-c3ed-11eb-8557-f55ab9adbb41":{"name":"strikethrough.svg","mtype":"image/svg+xml","width":500,"height":500,"path":"text"},"9d05cac1-c3ed-11eb-8557-f55ab9adbb41":{"name":"arrow-end.svg","mtype":"image/svg+xml","width":500,"height":500,"path":"navigation"},"9d05caa2-c3ed-11eb-8557-f55ab9adbb41":{"name":"organize.svg","mtype":"image/svg+xml","width":500,"height":500,"path":"file-organization"},"9d05cafd-c3ed-11eb-8557-f55ab9adbb41":{"name":"shape-valign-center.svg","mtype":"image/svg+xml","width":500,"height":500,"path":"alignment"},"9d05cae2-c3ed-11eb-8557-f55ab9adbb41":{"name":"unlock.svg","mtype":"image/svg+xml","width":500,"height":500,"path":"actions"},"9d05ca97-c3ed-11eb-8557-f55ab9adbb41":{"name":"comment.svg","mtype":"image/svg+xml","width":20,"height":20,"path":"toolbar"},"9d05caa6-c3ed-11eb-8557-f55ab9adbb41":{"name":"action.svg","mtype":"image/svg+xml","width":500,"height":500,"path":"navigation"},"9d05cb00-c3ed-11eb-8557-f55ab9adbb41":{"name":"nodes-add.svg","mtype":"image/svg+xml","width":500,"height":500,"path":"paths"},"9d05cac5-c3ed-11eb-8557-f55ab9adbb41":{"name":"puzzle.svg","mtype":"image/svg+xml","width":500,"height":500,"path":"workspace"},"9d05ca84-c3ed-11eb-8557-f55ab9adbb41":{"name":"penpot-logo-black.svg","mtype":"image/svg+xml","width":100,"height":100,"path":"logo"},"9d05cafe-c3ed-11eb-8557-f55ab9adbb41":{"name":"shape-valign-top.svg","mtype":"image/svg+xml","width":500,"height":500,"path":"alignment"},"9d05cad5-c3ed-11eb-8557-f55ab9adbb41":{"name":"radius-1.svg","mtype":"image/svg+xml","width":500,"height":500,"path":"workspace"},"9d05cab5-c3ed-11eb-8557-f55ab9adbb41":{"name":"circle.svg","mtype":"image/svg+xml","width":500,"height":500,"path":"toolbar"},"9d05caec-c3ed-11eb-8557-f55ab9adbb41":{"name":"lowercase.svg","mtype":"image/svg+xml","width":500,"height":500,"path":"text"},"9d05cac3-c3ed-11eb-8557-f55ab9adbb41":{"name":"infocard.svg","mtype":"image/svg+xml","width":500,"height":500,"path":"workspace"},"9d05cb01-c3ed-11eb-8557-f55ab9adbb41":{"name":"boolean-union.svg","mtype":"image/svg+xml","width":500,"height":500,"path":"paths"},"9d05cac6-c3ed-11eb-8557-f55ab9adbb41":{"name":"radius-4.svg","mtype":"image/svg+xml","width":500,"height":500,"path":"workspace"},"9d05cade-c3ed-11eb-8557-f55ab9adbb41":{"name":"mail.svg","mtype":"image/svg+xml","width":500,"height":500,"path":"actions"},"9d05caef-c3ed-11eb-8557-f55ab9adbb41":{"name":"text-align-left.svg","mtype":"image/svg+xml","width":500,"height":500,"path":"text"},"9d05cb03-c3ed-11eb-8557-f55ab9adbb41":{"name":"boolean-exclude.svg","mtype":"image/svg+xml","width":500,"height":500,"path":"paths"},"9d05caf9-c3ed-11eb-8557-f55ab9adbb41":{"name":"shape-halign-center.svg","mtype":"image/svg+xml","width":500,"height":500,"path":"alignment"},"9d05caf0-c3ed-11eb-8557-f55ab9adbb41":{"name":"text-align-right.svg","mtype":"image/svg+xml","width":500,"height":500,"path":"text"},"9d05cab7-c3ed-11eb-8557-f55ab9adbb41":{"name":"image.svg","mtype":"image/svg+xml","width":500,"height":500,"path":"toolbar"},"9d05caa5-c3ed-11eb-8557-f55ab9adbb41":{"name":"auto-fix.svg","mtype":"image/svg+xml","width":500,"height":500,"path":"text"},"9d05cb0d-c3ed-11eb-8557-f55ab9adbb41":{"name":"pencil.svg","mtype":"image/svg+xml","width":500,"height":500,"path":"toolbar"},"9d05cac4-c3ed-11eb-8557-f55ab9adbb41":{"name":"interaction.svg","mtype":"image/svg+xml","width":500,"height":500,"path":"workspace"},"9d05caaf-c3ed-11eb-8557-f55ab9adbb41":{"name":"libraries.svg","mtype":"image/svg+xml","width":500,"height":500,"path":"workspace"},"9d05cabf-c3ed-11eb-8557-f55ab9adbb41":{"name":"arrow-slide.svg","mtype":"image/svg+xml","width":500,"height":500,"path":"navigation"},"9d05cae9-c3ed-11eb-8557-f55ab9adbb41":{"name":"auto-width.svg","mtype":"image/svg+xml","width":500,"height":500,"path":"text"},"9d05cad0-c3ed-11eb-8557-f55ab9adbb41":{"name":"picker.svg","mtype":"image/svg+xml","width":16,"height":16,"path":"workspace"},"9d05cabc-c3ed-11eb-8557-f55ab9adbb41":{"name":"listing-thumbs.svg","mtype":"image/svg+xml","width":500,"height":500,"path":"file-organization"},"9d05cadc-c3ed-11eb-8557-f55ab9adbb41":{"name":"export.svg","mtype":"image/svg+xml","width":500,"height":500,"path":"actions"},"9d05caf7-c3ed-11eb-8557-f55ab9adbb41":{"name":"shape-halign-left.svg","mtype":"image/svg+xml","width":500,"height":500,"path":"alignment"},"9d05cafb-c3ed-11eb-8557-f55ab9adbb41":{"name":"shape-hdistribute.svg","mtype":"image/svg+xml","width":500,"height":500,"path":"alignment"},"9d05cb02-c3ed-11eb-8557-f55ab9adbb41":{"name":"nodes-remove.svg","mtype":"image/svg+xml","width":500,"height":500,"path":"paths"},"9d05cac8-c3ed-11eb-8557-f55ab9adbb41":{"name":"eye-closed.svg","mtype":"image/svg+xml","width":500,"height":500,"path":"actions"},"9d05caab-c3ed-11eb-8557-f55ab9adbb41":{"name":"curve.svg","mtype":"image/svg+xml","width":500,"height":500,"path":"workspace"},"9d05ca8f-c3ed-11eb-8557-f55ab9adbb41":{"name":"penpot-icon-3D.png","mtype":"image/png","width":1600,"height":1200,"path":"3D"},"9d05ca80-c3ed-11eb-8557-f55ab9adbb41":{"name":"penpot-icon-1x1.png","mtype":"image/png","width":1200,"height":1200,"path":"logo"},"9d05cad3-c3ed-11eb-8557-f55ab9adbb41":{"name":"play.svg","mtype":"image/svg+xml","width":500,"height":500,"path":"workspace"},"9d05cabb-c3ed-11eb-8557-f55ab9adbb41":{"name":"listing-enum.svg","mtype":"image/svg+xml","width":500,"height":500,"path":"file-organization"},"9d05cb04-c3ed-11eb-8557-f55ab9adbb41":{"name":"nodes-separate.svg","mtype":"image/svg+xml","width":500,"height":500,"path":"paths"},"9d05caff-c3ed-11eb-8557-f55ab9adbb41":{"name":"shape-vdistribute.svg","mtype":"image/svg+xml","width":500,"height":500,"path":"alignment"},"9d05cad9-c3ed-11eb-8557-f55ab9adbb41":{"name":"size-vert.svg","mtype":"image/svg+xml","width":40,"height":40,"path":"workspace"},"9d05ca9b-c3ed-11eb-8557-f55ab9adbb41":{"name":"copy.svg","mtype":"image/svg+xml","width":500,"height":500,"path":"file-organization"},"9d05cace-c3ed-11eb-8557-f55ab9adbb41":{"name":"line-arrow.svg","mtype":"image/svg+xml","width":500,"height":500,"path":"workspace"},"9d05caee-c3ed-11eb-8557-f55ab9adbb41":{"name":"text-align-center.svg","mtype":"image/svg+xml","width":500,"height":500,"path":"text"},"9d05ca9c-c3ed-11eb-8557-f55ab9adbb41":{"name":"file-html.svg","mtype":"image/svg+xml","width":500,"height":500,"path":"file-organization"},"9d05cacb-c3ed-11eb-8557-f55ab9adbb41":{"name":"full-screen-off.svg","mtype":"image/svg+xml","width":500,"height":500,"path":"workspace"},"9d05caf3-c3ed-11eb-8557-f55ab9adbb41":{"name":"titlecase.svg","mtype":"image/svg+xml","width":500,"height":500,"path":"text"},"9d05cab4-c3ed-11eb-8557-f55ab9adbb41":{"name":"nodes-curve.svg","mtype":"image/svg+xml","width":500,"height":500,"path":"paths"},"9d05caa1-c3ed-11eb-8557-f55ab9adbb41":{"name":"import.svg","mtype":"image/svg+xml","width":500,"height":500,"path":"file-organization"},"9d05ca9a-c3ed-11eb-8557-f55ab9adbb41":{"name":"recent.svg","mtype":"image/svg+xml","width":500,"height":500,"path":"sidebar"},"9d05caa8-c3ed-11eb-8557-f55ab9adbb41":{"name":"navigate.svg","mtype":"image/svg+xml","width":500,"height":500,"path":"navigation"},"9d05cad1-c3ed-11eb-8557-f55ab9adbb41":{"name":"picker-harmony.svg","mtype":"image/svg+xml","width":500,"height":500,"path":"workspace"},"9d05caa0-c3ed-11eb-8557-f55ab9adbb41":{"name":"html.svg","mtype":"image/svg+xml","width":500,"height":500,"path":"file-organization"},"9d05ca98-c3ed-11eb-8557-f55ab9adbb41":{"name":"library.svg","mtype":"image/svg+xml","width":500,"height":500,"path":"sidebar"},"9d05cae1-c3ed-11eb-8557-f55ab9adbb41":{"name":"plus.svg","mtype":"image/svg+xml","width":500,"height":500,"path":"actions"},"9d05cadf-c3ed-11eb-8557-f55ab9adbb41":{"name":"pin.svg","mtype":"image/svg+xml","width":500,"height":500,"path":"actions"},"9d05ca96-c3ed-11eb-8557-f55ab9adbb41":{"name":"box.svg","mtype":"image/svg+xml","width":500,"height":500,"path":"toolbar"},"9d05cadd-c3ed-11eb-8557-f55ab9adbb41":{"name":"eye.svg","mtype":"image/svg+xml","width":500,"height":500,"path":"actions"},"9d05cb08-c3ed-11eb-8557-f55ab9adbb41":{"name":"msg-error.svg","mtype":"image/svg+xml","width":40,"height":40,"path":"notifications"},"9d05cae6-c3ed-11eb-8557-f55ab9adbb41":{"name":"align-bottom.svg","mtype":"image/svg+xml","width":500,"height":500,"path":"text"},"9d05caf8-c3ed-11eb-8557-f55ab9adbb41":{"name":"nodes-corner.svg","mtype":"image/svg+xml","width":500,"height":500,"path":"paths"},"9d05cad4-c3ed-11eb-8557-f55ab9adbb41":{"name":"radius.svg","mtype":"image/svg+xml","width":500,"height":500,"path":"workspace"},"9d05cacc-c3ed-11eb-8557-f55ab9adbb41":{"name":"grid-snap.svg","mtype":"image/svg+xml","width":500,"height":500,"path":"workspace"},"9d05cab2-c3ed-11eb-8557-f55ab9adbb41":{"name":"nodes-join.svg","mtype":"image/svg+xml","width":500,"height":500,"path":"paths"},"9d05ca9e-c3ed-11eb-8557-f55ab9adbb41":{"name":"folder.svg","mtype":"image/svg+xml","width":500,"height":500,"path":"file-organization"},"9d05cb0b-c3ed-11eb-8557-f55ab9adbb41":{"name":"icon-list.svg","mtype":"image/svg+xml","width":500,"height":500,"path":"file-organization"},"9d05cae0-c3ed-11eb-8557-f55ab9adbb41":{"name":"pin-fill.svg","mtype":"image/svg+xml","width":500,"height":500,"path":"actions"},"9d05cafc-c3ed-11eb-8557-f55ab9adbb41":{"name":"shape-valign-bottom.svg","mtype":"image/svg+xml","width":500,"height":500,"path":"alignment"},"9d05cae5-c3ed-11eb-8557-f55ab9adbb41":{"name":"trash.svg","mtype":"image/svg+xml","width":500,"height":500,"path":"actions"},"9d05cae3-c3ed-11eb-8557-f55ab9adbb41":{"name":"lock.svg","mtype":"image/svg+xml","width":500,"height":500,"path":"actions"},"9d05cab0-c3ed-11eb-8557-f55ab9adbb41":{"name":"redo.svg","mtype":"image/svg+xml","width":500,"height":500,"path":"workspace"},"9d05caa4-c3ed-11eb-8557-f55ab9adbb41":{"name":"align-top.svg","mtype":"image/svg+xml","width":500,"height":500,"path":"text"},"9d05cb0c-c3ed-11eb-8557-f55ab9adbb41":{"name":"msg-warning.svg","mtype":"image/svg+xml","width":40,"height":40,"path":"notifications"},"9d05ca91-c3ed-11eb-8557-f55ab9adbb41":{"name":"penpot-login-3D.jpg","mtype":"image/jpeg","width":1600,"height":1600,"path":"3D"}}