{"f57a90d0-3b8d-11eb-afa1-b9514ce17203":{"textTransform":"none","fontFamily":"Work Sans","fontStyle":"normal","fontWeight":"400","lineHeight":"1.5","letterSpacing":"0","name":"Title XL","fontVariantId":"regular","fontSize":"24","fontId":"gfont-work-sans"},"29a40e50-3b97-11eb-adbe-ffbc1ce8d200":{"textTransform":"none","fontFamily":"sourcesanspro","fontStyle":"normal","fontWeight":"400","lineHeight":"1.5","letterSpacing":"0","name":"Body text","fontVariantId":"regular","fontSize":"16","fontId":"sourcesanspro"},"fd109e30-3b96-11eb-adbe-ffbc1ce8d200":{"textTransform":"none","fontFamily":"sourcesanspro","fontStyle":"normal","fontWeight":"bold","lineHeight":"1.2","letterSpacing":"0","name":"Headline H1","fontVariantId":"bold","fontSize":"48","fontId":"sourcesanspro"},"b207fbe0-3b8c-11eb-afa1-b9514ce17203":{"textTransform":"uppercase","fontFamily":"Work Sans","fontStyle":"normal","fontWeight":"400","lineHeight":"1.5","letterSpacing":"0","name":"Header menu","fontVariantId":"regular","fontSize":"15","fontId":"gfont-work-sans"},"79271300-3b92-11eb-adbe-ffbc1ce8d200":{"textTransform":"none","fontFamily":"Work Sans","fontStyle":"normal","fontWeight":"400","lineHeight":"1.5","letterSpacing":"0","name":"Body 2","fontVariantId":"regular","fontSize":"12","fontId":"gfont-work-sans"},"4f8f2fa0-3b92-11eb-adbe-ffbc1ce8d200":{"textTransform":"none","fontFamily":"Work Sans","fontStyle":"normal","fontWeight":"400","lineHeight":"1.5","letterSpacing":"0","name":"Body 1","fontVariantId":"regular","fontSize":"12","fontId":"gfont-work-sans"},"31041560-3b91-11eb-adbe-ffbc1ce8d200":{"textTransform":"none","fontFamily":"Work Sans","fontStyle":"normal","fontWeight":"500","lineHeight":"1.5","letterSpacing":"0","name":"Title","fontVariantId":"500","fontSize":"14","fontId":"gfont-work-sans"},"c0985000-3b97-11eb-adbe-ffbc1ce8d200":{"textTransform":"none","fontFamily":"Work Sans","fontStyle":"normal","fontWeight":"400","lineHeight":"1.2","letterSpacing":"0","name":"Call to action","fontVariantId":"regular","fontSize":"18","fontId":"gfont-work-sans"},"0500a180-3b97-11eb-adbe-ffbc1ce8d200":{"textTransform":"none","fontFamily":"sourcesanspro","fontStyle":"normal","fontWeight":"bold","lineHeight":"1.2","letterSpacing":"0","name":"Headline H2","fontVariantId":"bold","fontSize":"36","fontId":"sourcesanspro"},"0b36e6e0-3b97-11eb-adbe-ffbc1ce8d200":{"textTransform":"none","fontFamily":"sourcesanspro","fontStyle":"normal","fontWeight":"bold","lineHeight":"1.2","letterSpacing":"0","name":"Headline H3","fontVariantId":"bold","fontSize":"24","fontId":"sourcesanspro"}}